,tweets,likes,time
0,Welcome news that finally a ceasefire from Friday between Israel and Hamas. Two states is the only reality and the only solution for the peace now and in the future and is well supported all over the world including UN.,0,2021-05-20 20:24:16
1,"@NBCNews It had to be Israel üáÆüá± , Israel first !!

God Bless Israel üáÆüá± üôè!!",0,2021-05-20 20:24:16
2,"RT @AJEnglish: LIVE: Israel and Hamas agree on a ceasefire.

Read more: https://t.co/hagOZm2mMW https://t.co/GXiJ8rdRJd",0,2021-05-20 20:24:16
3,"RT @BeardedDevil_: Don't buy into this whole ceasefire news, If you've followed the Palestine situation every year, you'd know by now not t‚Ä¶",0,2021-05-20 20:24:16
4,RT @Immy8713: @SkyNews Israel‚Äôs hit its target of hitting 50 schools and hospitals &amp; killed 50+ kids so mission accomplished for another ye‚Ä¶,0,2021-05-20 20:24:16
5,"As always, #FreePalestine.

Don't let the cease-fire turn your attention away from the horrors of Israel's Apartheid regime.

Keep the focus on. Keep the pressure on.

Keep giving solidarity to the families, like that of @m7mdkurd, in #SheikhJarrah.

Israel's violence continues.",0,2021-05-20 20:24:16
6,RT @hasanthehun: it's always 200+ Palestinians HAVE DIED and 12 people HAVE BEEN KILLED in Israel. how did the palestinians die? did they s‚Ä¶,0,2021-05-20 20:24:16
7,"Isra√´l et le Hamas s‚Äôaccordent sur un cessez-le-feu √† compter de vendredi 
https://t.co/RBcTwULN4g",0,2021-05-20 20:24:16
8,RT @NoorAbdelHaq1: Can you see his face? Can you see what Israel is doing to the children of Palestine ?,0,2021-05-20 20:24:16
9,RT @NoorAbdelHaq1: Can you see his face? Can you see what Israel is doing to the children of Palestine ?,0,2021-05-20 20:24:16
10,"RT @GramsciFag: ""Trump was so much worse on Israel-Palestine, he moved the embassy to Jerusalem"" is something I hear a lot from people who‚Ä¶",0,2021-05-20 20:24:16
11,"RT @codepink: People's livelihoods are being destroyed. Whole families are being massacred. And now, plastic fumes are polluting the very a‚Ä¶",0,2021-05-20 20:24:16
12,RT @Dr_A_Alneami: The Jewish people.  Do not waste your life and lose your children and money because of the Zionist colonial project.  You‚Ä¶,0,2021-05-20 20:24:16
13,RT @sunrisemvmt: .@AOC and @BernieSanders are introducing a joint resolution of disapproval in Congress to block a $735 million bomb sale t‚Ä¶,0,2021-05-20 20:24:16
14,"RT @jewish_activist: She‚Äôs 10 years old. She shouldn‚Äôt have to be giving speeches like this. She shouldn‚Äôt have to live like this. However,‚Ä¶",0,2021-05-20 20:24:16
15,"RT @dw_espanol: #Israel anuncia un alto el fuego unilateral en #Gaza

Gabinete de seguridad israel√≠ aprob√≥ la medida tras fuertes presiones‚Ä¶",0,2021-05-20 20:24:16
16,RT @DebraMessing: PLEASE take 3 minutes and read through this carousel. There is so much disinformation about Israel being spread and it is‚Ä¶,0,2021-05-20 20:24:16
17,"RT @NationBreaking: ISRAEL AND Palestinian armed groups in Gaza, Hamas and Islamic Jihad agree to a ceasefire; a statement from office of I‚Ä¶",0,2021-05-20 20:24:16
18,RT @CNN: JUST IN: Israel and Hamas agree to a ceasefire after 11 days of conflict that killed more than 200 Palestinians and 12 people in I‚Ä¶,0,2021-05-20 20:24:16
19,RT @m7mdkurd: All these bitches is my sons @Israel @IsraeliPM @MarkRegev @naftalibennett,0,2021-05-20 20:24:16
20,RT @NileGardiner: Behind Hamas‚Äôs rocket assault on Israel is an extensive arsenal built with expertise from Iran and growing local skills i‚Ä¶,0,2021-05-20 20:24:15
21,"RT @LinahAlsaafin: Israel and Hamas will cease fire across the Gaza Strip border as of 2 am on Friday (2300 GMT Thursday)

That‚Äôs just over‚Ä¶",0,2021-05-20 20:24:15
22,@Mazda_111 @inspectieshenk APARTHEID state ISRA√ãL KILLING INNOCENT CHILDREN AND THEIR PARENTS AND THEN STEALS THEIR HOMES. Source:  Human Rights Watch,0,2021-05-20 20:24:15
23,RT @theintercept: Canadian journalists fear retaliation for criticizing coverage of Israeli attacks on Gaza https://t.co/8NhrmYwvi1 by @ake‚Ä¶,0,2021-05-20 20:24:15
24,RT @revistaoeste: Israel e Hamas aprovam cessar-fogo https://t.co/RJ6C9IXGER,0,2021-05-20 20:24:15
25,"RT @israelmerino_: Solo hice mi trabajado. Cubr√≠ una manifestaci√≥n y difund√≠ los v√≠deos. 

Me han amenazado de muerte, han difundido la ubi‚Ä¶",0,2021-05-20 20:24:15
26,"RT @BefourMaryam: Fuck the united nations. Fuck every shitty country that has stayed and watched, encouraged and funded Israel to continue‚Ä¶",0,2021-05-20 20:24:15
27,"#TRUMP
BABYLONIANS_MEDES_PERSIANS OTTAMAN EMPIRE_TRANS JORDAN RULED #JERUSALEM NEVER THE PALESTINIAN BEDOUIONS_EGYPT RULED GAZA BEFORE THE 6 DAY WAR #ARMAGEDDON HAPPENS IN ISRAEL #JERUSALEM IS #GOD'S FAVORITE PLACE IN THE UNIVERSE_KING #DAVID RULED #JERUSALEM OVER 3,000 YRS AGO
z https://t.co/4pDVcqUvTG",0,2021-05-20 20:24:15
28,"RT @HoyPalestina: Senado de Chile.
Israel est√° matando a Palestina. https://t.co/V64ZuFuXxt",0,2021-05-20 20:24:15
29,"RT @ToombsToni: Hamas goes underground while leaving the children up top when they think their rocket pads are about to get bombed 
Israel‚Ä¶",0,2021-05-20 20:24:15
30,RT @JonathanBerim: Un diputado usando el estrado que le da el pueblo para pedir la por la aniquilaci√≥n de #Israel. No se ve√≠a algo as√≠ desd‚Ä¶,0,2021-05-20 20:24:15
31,RT @GiorgioCafiero: Criticizing Israel is no longer political suicide for American politicians. This is a big deal.,0,2021-05-20 20:24:15
32,"RT @SkyNews: BREAKING: The Israeli cabinet has approved a ceasefire to end a military operation in the Gaza Strip.

A Hamas official has al‚Ä¶",0,2021-05-20 20:24:15
33,"RT @n0nazarzone: please don‚Äôt watch Eurovision this year, Palestinians have directly asked that it be boycotted not only due Israel being i‚Ä¶",0,2021-05-20 20:24:15
34,"RT @MiddleEastEye: #BREAKING A ceasefire agreement has been reached between #Israel and Hamas in #Gaza, set to begin at 2am Friday morning‚Ä¶",0,2021-05-20 20:24:15
35,RT @98Memorial: Enfin #cessezlefeu entre #Isra√´l+#Hamas. C'est 1 immense reconstruction qui est √† l'ordre du jour avec #Gaza+ √† l'int√©rieur‚Ä¶,0,2021-05-20 20:24:15
36,"RT @SandraTamari1: Israel wants Palestinian land without her people. To fulfill this goal, Israel treats Palestinians as expendable irregar‚Ä¶",0,2021-05-20 20:24:15
37,"RT @Callystor: ""Isra√´l tue la #Palestine.""
Banderole solidaire des parlementaires au S√©nat chilien, apr√®s une minute de silence dans l'h√©mi‚Ä¶",0,2021-05-20 20:24:15
38,"RT @MiddleEastEye: #BREAKING A ceasefire agreement has been reached between #Israel and Hamas in #Gaza, set to begin at 2am Friday morning‚Ä¶",0,2021-05-20 20:24:15
39,"RT @dianabuttu: This isn‚Äôt a ‚Äùceasefire‚Äù - never is. Israel will continue to kill Palestinians by land, sea and air in the coming days, wee‚Ä¶",0,2021-05-20 20:24:15
40,RT @uri4u: Orb√°n bewijst nut veto door EU-verklaring Isra√´l te blokkeren https://t.co/HxoDo4WvNr via @ewmagazinenl,0,2021-05-20 20:24:14
41,RT @MiddleEastEyeFr: Des citoyens palestiniens d‚ÄôIsra√´l manifestent en mars 1976 √† Nazareth lors d‚Äôune gr√®ve pour protester contre les expr‚Ä¶,0,2021-05-20 20:24:14
42,RT @washingtonpost: Exclusive: Sen. Bernie Sanders to introduce resolution of disapproval on $735 million U.S. arms sale to Israel https://‚Ä¶,0,2021-05-20 20:24:14
43,RT @Reuters: Hamas official confirms a 'mutual and simultaneous' truce with Israel will begin on Friday at 2 a.m. https://t.co/sjOZDuEtBx,0,2021-05-20 20:24:14
44,"RT @kitchen5203: THIS!
Can we all agree that Netanyahu should not have had his police raid Palestinian worshippers at al-Aqsa Mosque?

#wtp‚Ä¶",0,2021-05-20 20:24:14
45,"RT @evan_greer: if people want to make the (false) argument that ending US military aid to Israel is somehow antisemitic, may i counter-off‚Ä¶",0,2021-05-20 20:24:14
46,"RT @anne_gens: @SylvianeT1 Dans un premier temps les volontaires se bousculent, puis le ""r√©servoir"" se tarit. En Isra√´l, malgr√© les pressio‚Ä¶",0,2021-05-20 20:24:14
47,@thebonnierotten Israel sucks......,0,2021-05-20 20:24:14
48,"RT @dianabuttu: This isn‚Äôt a ‚Äùceasefire‚Äù - never is. Israel will continue to kill Palestinians by land, sea and air in the coming days, wee‚Ä¶",0,2021-05-20 20:24:14
49,Israel aprueba un alto el fuego con Ham√°s en Gaza https://t.co/ZjmlDXNq3s,0,2021-05-20 20:24:14
50,"RT @democracynow: People in Israel live in ""total denial"" of the impact of Israel's colonial occupation on Palestinians, says journalist Gi‚Ä¶",0,2021-05-20 20:24:14
51,RT @Bolopion: Truth 1: Israel‚Äôs military has a long history of using excessive force against Palestinians with impunity. It can certainly t‚Ä¶,0,2021-05-20 20:24:14
52,RT @AlertaNews24: üá™üá¨üáÆüá±üáµüá∏ | AHORA: El presidente egipcio Sisi est√° enviando dos delegaciones de seguridad a Israel y Gaza para trabajar por‚Ä¶,0,2021-05-20 20:24:14
53,"RT @KenRoth: ""It cheapens the authentic struggle against anti-Semitism to fling such charges lightly. Just as anti-Semites shouldn‚Äôt use th‚Ä¶",0,2021-05-20 20:24:14
54,Rebel Rabbis: Anti-Zionist Jews Against Israel https://t.co/pe71fGbCMc via @YouTube. Jews against Israel! Please wake up to who owns Israel! Bunch of zionist predators,0,2021-05-20 20:24:14
55,RT @AFP: #BREAKING Egypt to monitor Israel-Gaza ceasefire: diplomatic sources https://t.co/TJcoHYIe23,0,2021-05-20 20:24:14
56,RT @MairavZ: Israeli evening news is reporting that residents of southern Israel are disappointed with the impending ceasefire. They want H‚Ä¶,0,2021-05-20 20:24:14
57,RT @ZeBigDragon: One of the most frustrating arguments Zionists use to justify Israel is ‚ÄúJews lived here before so how are they colonizers‚Ä¶,0,2021-05-20 20:24:13
58,"#Breaking Israel Foreign Ministry:

 - The Security Cabinet this evening unanimously accepted the recommendation of all of the security officials, the IDF Chief-of-Staff, the head of the ISA, the head of the Mossad and the head of the National Security Council (1/3)",0,2021-05-20 20:24:13
59,"RT @RepDanBishop: House Democrats just voted against emergency funding for Israel to defend itself.

As I said yesterday, their party today‚Ä¶",0,2021-05-20 20:24:13
60,"RT @JENFL23: The AOC/Bernie anti-bombs bill WILL get a floor vote.

You will therefore see in real time who is owned by AIPAC &amp; the MIC and‚Ä¶",0,2021-05-20 20:24:13
61,@2funtime2 @vaibhav_0976 Do you want to make a country tamil eelam which is mostly tamil speaking language.your comments is baseless you want to  said to Israel army do genocide in hamas but same things is done by srilankan army in the time civil war,0,2021-05-20 20:24:13
62,RT @infobaeamerica: üî¥ REITERAMOS | Israel y Hamas acordaron un alto al fuego despu√©s de 11 d√≠as de enfrentamientos https://t.co/Tq5NrIUwuN,0,2021-05-20 20:24:13
63,RT @DaniellaCheslow: BREAKING: Ceasefire between #Hamas and #Israel to begin Friday at 2am,0,2021-05-20 20:24:13
64,"RT @dwnews: JUST IN: Israel's Security Cabinet has approved a unilateral ceasefire to end its 11-day military offensive in Gaza.

More to f‚Ä¶",0,2021-05-20 20:24:13
65,"RT @Noir_Franck: Ouais...

√Ä un moment, faudrait peut-√™tre qu'on juge #Isra√´l pour son crime contre l'humanit√©, non ?",0,2021-05-20 20:24:13
66,"AOC, Bernie Sanders Try to Undermine Israel's Ability to Defend Itself Amid Hamas Rocket Attacks https://t.co/K95FB8hP6X",0,2021-05-20 20:24:13
67,RT @m7mdkurd: All these bitches is my sons @Israel @IsraeliPM @MarkRegev @naftalibennett,0,2021-05-20 20:24:13
68,"RT @Ibbyakram11: Just remember if a truce is broken, it will be Israel who violates the ceasefire. ‚ÄúPalestinian resistance will abide by th‚Ä¶",0,2021-05-20 20:24:13
69,"Hamas e Israel van a reunirse para tratar sus diferencias este viernes y en Nicaragua una oposici√≥n con m√°s candidatos a la ""presidencia"" que la Tabla Peri√≥dica de los Elementos no llegan a hacerlo aunque el pueblo sea el Carbono y Ortega cualquier cosa.",0,2021-05-20 20:24:13
70,"RT @baxilaly: ISRAEL-PALESTINE CONFLICT
LATEST UPDATES.

Tamim bin Hamad Al Tani, Emir of Qatar,
He donated $ 50 million to Palestine and e‚Ä¶",0,2021-05-20 20:24:13
71,RT @cnnbrk: Israel and Hamas agree to a ceasefire after 11 days of conflict that killed more than 200 Palestinians and 12 people in Israel‚Ä¶,0,2021-05-20 20:24:13
72,RT @aamullanee: So this is terrorism right? Like how does Israel still get to play the victim after all this?,0,2021-05-20 20:24:13
73,"@LanaMontalban @GiordanoGringo Muy valiente, muy cierto. Pero tan cierto como que Israel tambi√©n es un ocupa en tierras palestinas y que Hamas no existir√≠a de no ser por el hecho de que un conjunto de pol√≠ticos decidieron robar una tierra y entregarsela a un grupo de personas.",0,2021-05-20 20:24:13
74,RT @gemmapunky: Grandes!!! Estibadores de Livorno en Italia que se negaron a cargar armas em barcos con destino a Israel. https://t.co/DdGh‚Ä¶,0,2021-05-20 20:24:13
75,"RT @Barahmeh: Israel‚Äôs devastation of Gaza. 

Harrowing.

(Photo by Wissam Nasser) https://t.co/D3vmPoP8c1",0,2021-05-20 20:24:13
76,"RT @theIovedcIub: Boycotting will be very effective and we need to cut off Israel's resources, please get this app !!!! https://t.co/CEwV5e‚Ä¶",0,2021-05-20 20:24:13
77,RT @LinksfraktionB: Bei der Solidarit√§tskundgebung f√ºr Israel vor dem Brandenburger Tor. In den letzten Tagen kam es zu antisemitischer Het‚Ä¶,0,2021-05-20 20:24:13
78,RT @AlertaNews24: üá™üá¨üáÆüá±üáµüá∏ | AHORA: El presidente egipcio Sisi est√° enviando dos delegaciones de seguridad a Israel y Gaza para trabajar por‚Ä¶,0,2021-05-20 20:24:13
79,Just In: Israel on Thursday announced a cease-fire in the bruising 11-day war against Hamas militants that caused widespread destruction in the Gaza Strip. https://t.co/E0FDItHKDu,0,2021-05-20 20:24:13
80,"RT @Mobeen44138867: Atleast 75,000 Palestinians displaced due to israel attack on gaza : Un https://t.co/rHYBpc5Ysn",0,2021-05-20 20:24:13
81,"RT @deputymaksoorti: Apartheid Israel is destroying all of the infrastructure in Gaza, all of the factories, everything.  It's like a game‚Ä¶",0,2021-05-20 20:24:13
82,"RT @dianabuttu: This isn‚Äôt a ‚Äùceasefire‚Äù - never is. Israel will continue to kill Palestinians by land, sea and air in the coming days, wee‚Ä¶",0,2021-05-20 20:24:12
83,RT @DietmarBartsch: Endlich. Eine gute Nachricht f√ºr #Israel und die Menschen im #Gaza.,0,2021-05-20 20:24:12
84,RT @hasanthehun: it's always 200+ Palestinians HAVE DIED and 12 people HAVE BEEN KILLED in Israel. how did the palestinians die? did they s‚Ä¶,0,2021-05-20 20:24:12
85,@srg1234 @CDCgov Who cares what Israel does. They also seem to be the leader of killing innocent people just because they live in Palestine.,0,2021-05-20 20:24:12
86,RT @drjazz76: @VP ‚Äúto deescalate tensions‚Äù but ‚Äúto approve $735 million weapons sale to Israel...‚Äù It‚Äôs tragicomic!,0,2021-05-20 20:24:12
87,"RT @DaveAtherton20: This was Birmingham yesterday, including ISIS flags. If Israel falls I am sure we are next on their list. https://t.co/‚Ä¶",0,2021-05-20 20:24:12
88,RT @AVeteran1956: Look at these murderers and killers of children. Israel‚Äôs ambassador to UN comes up to address UN General Assembly and po‚Ä¶,0,2021-05-20 20:24:12
89,"Israeli Security Cabinet approves cease-fire in Gaza, Israeli media says https://t.co/KKosb3EwOR #SmartNews",0,2021-05-20 20:24:12
90,"RT @erkanpehl: Der Chef der t√ºrk. Religionsbeh√∂rde #Diyanet, Ali Erba≈ü, nennt #Israel Babym√∂rder.Hunderte Kinder und Babys verrotten gemein‚Ä¶",0,2021-05-20 20:24:12
91,"RT @FoxNews: Israel officials approve ceasefire with Hamas following 11 days of Gaza violence
https://t.co/ptF9dxGOS7",0,2021-05-20 20:24:12
92,RT @CNN: JUST IN: Israel and Hamas agree to a ceasefire after 11 days of conflict that killed more than 200 Palestinians and 12 people in I‚Ä¶,0,2021-05-20 20:24:12
93,"RT @evanlweber: One piece of the significance of this that is likely to get lost:

@SenSanders, I believe, is the only member of the Senate‚Ä¶",0,2021-05-20 20:24:12
94,"RT @MiddleEastEye: #BREAKING Hamas and Israel agree to ceasefire after 11 days of intense air strikes on Gaza

https://t.co/CSZBsSqaqk",0,2021-05-20 20:24:12
95,"RT @dianabuttu: This isn‚Äôt a ‚Äùceasefire‚Äù - never is. Israel will continue to kill Palestinians by land, sea and air in the coming days, wee‚Ä¶",0,2021-05-20 20:24:12
96,the way israel thinks that ceasefire is enough,0,2021-05-20 20:24:12
97,"RT @collegeeq_: I encourage everyone wanting to know more about parts of this conflict to read this

https://t.co/vJp12OKjeq",0,2021-05-20 20:24:12
98,"RT @Mifa_ti: @Love_Like_birds @RamaSbieh @IDF Sweetie,that mosque is precious and sacred to all Muslims.we can pray toward it too.if they d‚Ä¶",0,2021-05-20 20:24:12
99,RT @Oye_Jahazi: The United States have sold their arms and ammunition first and then they pressurized Israel for ceasefire. This is buisnes‚Ä¶,0,2021-05-20 20:24:12
100,"RT @rmcffer: h√° quem odeia admitir q o mal q tanto plantaram n√£o adiantou nada, n√£o aceitam nunca o sucesso de israel e rodolffo. vivem pra‚Ä¶",0,2021-05-20 20:24:11
101,@henkwestbroek Ja dat is het. Islam heeft geen enkel respect voor een mensenleven dus is dat opzicht zal het hen weinig moeite kosten. Dat je vervolgens de filmbeelden v/d verwoestende verdedigingsactie van Isra√´l kunt aanwenden in het kader van je slachtofferrol is een prettige bijkomstigheid.,0,2021-05-20 20:24:11
102,"WTAF??? I would love for the NYT to look into who the Neturei Karta are, see how much else you have in common with them, besides the destruction of Israel. https://t.co/sR3X4ou2KE",0,2021-05-20 20:24:11
103,RT @Toni_Valero: Israel anuncia un alto el fuego a partir de ma√±ana. As√≠ han dejado Gaza. https://t.co/Mz4LcDLhju,0,2021-05-20 20:24:11
104,RT @AJENews: BREAKING:  Israel announces ceasefire in Gaza operation https://t.co/TOyKX6qoYs https://t.co/9zy4z2Rmh2,0,2021-05-20 20:24:11
105,hoy estoy de mejor humor porque todav√≠a no he visto ninguna bandera de Israel,0,2021-05-20 20:24:11
106,"RT @LinahAlsaafin: Israel and Hamas will cease fire across the Gaza Strip border as of 2 am on Friday (2300 GMT Thursday)

That‚Äôs just over‚Ä¶",0,2021-05-20 20:24:11
107,RT @mbueckert: Is Canadian media just going to ignore this story about a Canadian company's office bombed by Israel in Gaza?,0,2021-05-20 20:24:11
108,"RT @jaketapper: Israel and Hamas agree to a ceasefire

https://t.co/V1Z8sE4RRR",0,2021-05-20 20:24:11
109,"RT @n0nazarzone: please don‚Äôt watch Eurovision this year, Palestinians have directly asked that it be boycotted not only due Israel being i‚Ä¶",0,2021-05-20 20:24:11
110,"RT @israelmerino_: Solo hice mi trabajado. Cubr√≠ una manifestaci√≥n y difund√≠ los v√≠deos. 

Me han amenazado de muerte, han difundido la ubi‚Ä¶",0,2021-05-20 20:24:11
111,"US blocked UN statements to allow Israel to kill maximum people it could.. Wednesday Biden tells Israel de-escalate and Israel announces ceasefire, so you know the problem is the US, no one else.. 

#freepalastine #Gaza #CeasefireNOW",0,2021-05-20 20:24:11
112,RT @cnni: JUST IN: Israel and Hamas agree to a ceasefire after 11 days of conflict that killed more than 200 Palestinians and 12 people in‚Ä¶,0,2021-05-20 20:24:11
113,"RT @Chuck_Rasco: Lo llevan en el ADN, la traici√≥n, la mentira, el latrocinio, siempre del lado de los poderosos para pisotear a los m√°s vul‚Ä¶",0,2021-05-20 20:24:11
114,"RT @Ranson92619899: Sous la pression des grandes puissances, le Hamas a renonc√© √† d√©truire Isra√´l et occuper Tel Aviv, esp√©rons que ce cess‚Ä¶",0,2021-05-20 20:24:11
115,RT @Europe1: Proche-Orient : Isra√´l et le Hamas annoncent un cessez-le-feu √† Gaza https://t.co/IIAH44aMir,0,2021-05-20 20:24:11
116,"RT @UrbanNathalia: Depois de: 232 palestinos mortos, incluindo 65 crian√ßas, 39 mulheres e 17 idosos e 1.900 feridos
Israel aprova cessar-fo‚Ä¶",0,2021-05-20 20:24:11
117,@saraKsemaJ I'm an avid follower of international relations. And by that I mean I hate Israel.,0,2021-05-20 20:24:11
118,Let peach prevail. #Israel #Hamas #Palastine https://t.co/pAzGMFdxI5,0,2021-05-20 20:24:11
119,RT @kthalps: Israel has the right to defend itself from olives.,0,2021-05-20 20:24:11
120,RT @Anitta: I just fell in love with a boy from Charlotte üòç / Girl From Rio REMIX with @DaBabyDaBaby will be out TONIGHT https://t.co/QREhG‚Ä¶,0,2021-05-20 20:24:11
121,RT @pabloduer: Confirmada la tregua entre #Israel y #Gaza. Entra en vigor en 3 horas.,0,2021-05-20 20:24:10
122,"RT @JohnCampbellcfr: Western media is focused on the struggle between Israel and Hamas in Gaza, with searing images of the humanitarian dis‚Ä¶",0,2021-05-20 20:24:10
123,RT @MairavZ: Hamas has demanded two things in this war: That Israeli forces stop incursions into the Al-Asqa compound and stop the forced e‚Ä¶,0,2021-05-20 20:24:10
124,RT @hasanthehun: it's always 200+ Palestinians HAVE DIED and 12 people HAVE BEEN KILLED in Israel. how did the palestinians die? did they s‚Ä¶,0,2021-05-20 20:24:10
125,"RT @DouarHa: Ce week end et cette semaine avait lieu des manif' en #Bretagne et ailleurs(Morlaix, Brest, Nantes, Guingamp, Quimper, Lorient‚Ä¶",0,2021-05-20 20:24:10
126,"@HunDear_ @YousefTarawneh8 Here's one.
https://t.co/84tmu4DyS9",0,2021-05-20 20:24:10
127,RT @CBCAlerts: Ceasefire due to take effect in Israel and Palestinian territories at 2 am local time (7 pm ET today) as sides reach agreeme‚Ä¶,0,2021-05-20 20:24:10
128,RT @ProudSocialist: BREAKING: @BernieSanders will introduce a bill that would block the U.S. sale of $735 million in weapons to Israel. Thi‚Ä¶,0,2021-05-20 20:24:10
129,"RT @NBCNews: Beloved Gaza bookshop becomes a casualty of Israel-Hamas conflict. 

‚ÄúThe bookstore was like my soul,‚Äù says Samir Mansour, who‚Ä¶",0,2021-05-20 20:24:10
130,#IStandWithIsrael #Israel #IsraelUnderAttack #JewishLivesMatter #IsraelUnderAttack #Israeli #IsraelPalestineconflict https://t.co/h3stXocSU3,0,2021-05-20 20:24:10
131,RT @catoletters: Time To End the Silence on Israel‚Äôs Nuclear Weapons https://t.co/WRySBC6g88,0,2021-05-20 20:24:10
132,"RT @pimientoman: Mientras tanto, Israel sigue asesinando.",0,2021-05-20 20:24:10
133,"RT @thetoyman1: If you back HAMAS, you are in favor of TERRORISTS! How come the Palestinian people haven‚Äôt asked the United States or Israe‚Ä¶",0,2021-05-20 20:24:10
134,RT @SadiqDorasat: I wonder what it was that has led Israel to stop their bombing spree? It clearly wasn‚Äôt the deaths of innocent Palestinia‚Ä¶,0,2021-05-20 20:24:10
135,RT @AJEnglish: BREAKING: Israel's security cabinet has approved a ceasefire to end the 11-day military offensive on Gaza https://t.co/Ytp2j‚Ä¶,0,2021-05-20 20:24:10
136,RT @jcpastrana: Israel y Hamas libraron una guerra y pactaron un cese al fuego antes de que Colombia quitara un palo atravesado en una carr‚Ä¶,0,2021-05-20 20:24:10
137,RT @IlmFeed: Breaking News: Israel has agreed to a truce after a humiliating and unsuccessful campaign which drew criticism and condemnatio‚Ä¶,0,2021-05-20 20:24:10
138,"RT @hermes1948: Rabino Elahanan Beck: ""....el estado sionista de Israel no est√° a favor del pueblo jud√≠o""",0,2021-05-20 20:24:10
139,"RT @Desertup: Israelo-am√©ricaine:

""J'ai v√©cu 3ans en #Israel.
On m'a toujours dit que Isra√´l ne fait que de se d√©fendre, les palestiniens‚Ä¶",0,2021-05-20 20:24:10
140,"#Israel agrees to mutual #ceasefire with #Hamas 'without any conditions' https://t.co/wYia6O05xe

#Gaza #PalestineBleeding #Israeli https://t.co/MfbRUPEZg2",0,2021-05-20 20:24:10
141,"RT @AdaIet: Fƒ∞Lƒ∞STƒ∞N-Hƒ∞NDƒ∞STAN
Milliyet√ßi hint h√ºk√ºmeti Siyonist rejim aleyhine yapƒ±lan k√º√ß√ºk bir eyleme dahi tahamm√ºl edemiyor.
https://t.‚Ä¶",0,2021-05-20 20:24:10
142,"@KatiePavlich Despite declaring the potential ceasefire, Israel continues bombing agricultural land in West Gaza.[r]

Israel has a history of breaking truce.",0,2021-05-20 20:24:10
143,"RT @zarahsultana: From the refusal of firefighters in the Midlands to remove activists occupying an arms dealer, &amp; Italian dockers to load‚Ä¶",0,2021-05-20 20:24:10
144,"RT @SalehZighari: If you stand with #israel ..
GIVE THEM YOUR LAND !",0,2021-05-20 20:24:09
145,RT @E1A2p3S4: Israel Shows the World They Will Not Just Sit Around and Let Their People Die From Terrorism https://t.co/OCoxu0JIGR via @Pol‚Ä¶,0,2021-05-20 20:24:09
146,RT @CAEPConference: #CAEP21 has a track dedicated to Disaster Medicine &amp; chairs @docwithbeard and @ValerieHomier have prepared a great seri‚Ä¶,0,2021-05-20 20:24:09
147,RT @RamAbdu: Israel killed this 11-year-old Palestinian child yesterday. Deema Asaliya was bombed while she was outside her family‚Äôs home i‚Ä¶,0,2021-05-20 20:24:09
148,RT @abhijitmajumder: ‚ÄúGalti se bhi Israel variant maat bol dena...‚Äù https://t.co/98ljX4ryXp,0,2021-05-20 20:24:09
149,"RT @HoyPalestina: Urgente: Sube a 230 el n√∫mero de Palestinos asesinados por Israel en Gaza entre ellos 65 ni√±os y 39 mujeres, y m√°s de 171‚Ä¶",0,2021-05-20 20:24:09
150,"RT @Ostrov_A: You know Einstein's definition of insanity? Doing same thing over &amp; over again, expecting different results?

Well, welcome t‚Ä¶",0,2021-05-20 20:24:09
151,Israel &amp; Hamas finally agree to a Ceasefire!,0,2021-05-20 20:24:09
152,"RT @TRTWorldRC: #Israeli fire has: 
-Killed at least 230 #Palestinians (including 65 children and 30 women) in #Gaza, as well as 25 #Palest‚Ä¶",0,2021-05-20 20:24:09
153,So now it is the time to hold Israel accountable for the absolute destruction and death they have caused because we will not stop until justice is served https://t.co/wzMvN4Y9K4,0,2021-05-20 20:24:09
154,"The U.S. ambassador to the United Nations says the United States will continue ‚Äúto relentlessly push for peace‚Äù between Israel and Gaza‚Äôs militant Hamas rulers.
https://t.co/dG4OFWFL2g",0,2021-05-20 20:24:09
155,"RT @Timesofgaza: Despite declaring the potential ceasefire, Israel continues bombing agricultural land in West Gaza.[r]

Israel has a histo‚Ä¶",0,2021-05-20 20:24:09
156,RT @Notifides: #Internacionales | Gabinete de seguridad de Israel vot√≥ a favor de un cese al fuego en Gaza este jueves por la noche (hora l‚Ä¶,0,2021-05-20 20:24:09
157,RT @MairavZ: Hamas has demanded two things in this war: That Israeli forces stop incursions into the Al-Asqa compound and stop the forced e‚Ä¶,0,2021-05-20 20:24:09
158,"RT @AdamMilstein: üì¢ ))) ATTENTION LOS ANGELENOS, JEWISH AMERICANS, FRIENDS OF ISRAEL, AND FRIENDS OF THE JEWISH PEOPLE:

I hope that everyo‚Ä¶",0,2021-05-20 20:24:09
159,"RT @FoxNews: Israel officials approve ceasefire with Hamas following 11 days of Gaza violence
https://t.co/ptF9dxGOS7",0,2021-05-20 20:24:09
160,@RobBenson2 @shah1_sj @SkyNews Ceasefires are almost always broken by the apartheid regime (Israel).,0,2021-05-20 20:24:09
161,"@ProgPoliticsNI Campaigning for BDS on a smartphone? You are aware that your phone is packed with technology developed by Israelis. HYPOCRITE. Ever used Amazon, PayPal, Google, Bing, Safari, EBay, Facebook? Kerching for Israel.",0,2021-05-20 20:24:09
162,"RT @BreakingNews: Israel agrees to cease-fire in Gaza after at least 230 Palestinians and 12 Israelis killed in 11 days of violence.

https‚Ä¶",0,2021-05-20 20:24:09
163,Israel agrees to cease-fire after getting its KD above 19 https://t.co/7gvqLmMej9,0,2021-05-20 20:24:09
164,"RT @AnaCabrera: Sec of State Antony Blinken: ‚ÄúI am prepared at any time to go to Israel, to the Middle East, that would serve the purpose o‚Ä¶",0,2021-05-20 20:24:09
165,"RT @CGTNOfficial: China made a four-point statement at the UN General Assembly on the Israel-Palestine conflict on Thursday.

Zhang Jun, Ch‚Ä¶",0,2021-05-20 20:24:09
166,RT @elcancillercom: [AHORA] Israel y Ham√°s confirmaron un alto el fuego en Gaza. (v√≠a @AFPespanol) https://t.co/6TuXj1cPrV,0,2021-05-20 20:24:09
167,"@Timesofgaza MashaAllah , you Gaza people are same like Sahaba (R.A) families , 
Salam to all Gaza Mothers , Sisters and Children , Israel Yehudi &amp; Saudis are Losers , GAZA Families , our beloved Mothers , Sisters &amp; Children you are Winners , Gaza Win 
#GenocideinGaza 
#HearGaza 
#Gaza https://t.co/XYoIcVcofG",0,2021-05-20 20:24:09
168,"RT @seketulawan: ‚ÄúGencatan senjata bermaksud Israel menyerah kalah.‚Äù
.
Takbir!! https://t.co/Hk3sVjQwnk",0,2021-05-20 20:24:09
169,"RT @TheTomRiddle001: Facebook is supporting a terrorist organization called Israel. @Facebook
#RacistMarkZuckerberg 
#GazaUnderAttackk 
#IS‚Ä¶",0,2021-05-20 20:24:09
170,RT @ReutersLatam: Israel y Ham√°s acuerdan una tregua tras la mediaci√≥n de Egipto #Gaza https://t.co/SZsMH0UfD2,0,2021-05-20 20:24:09
171,@manonhisown69 @CNBC Israel can't wipe Palestine so its seize fire,0,2021-05-20 20:24:09
172,"RT @TheLeftTea: Israel has agreed to a ceasefire, but I really hope a lot of you don't go back to sleep. 

In 2014, 2000+ Palestinians were‚Ä¶",0,2021-05-20 20:24:09
173,"RT @israelmerino_: Solo hice mi trabajado. Cubr√≠ una manifestaci√≥n y difund√≠ los v√≠deos. 

Me han amenazado de muerte, han difundido la ubi‚Ä¶",0,2021-05-20 20:24:09
174,"RT @israelmerino_: Solo hice mi trabajado. Cubr√≠ una manifestaci√≥n y difund√≠ los v√≠deos. 

Me han amenazado de muerte, han difundido la ubi‚Ä¶",0,2021-05-20 20:24:09
175,"RT @jvplive: The international community needs to intervene and stand up for Palestinian rights. This letter, written by over 200 Israeli J‚Ä¶",0,2021-05-20 20:24:09
176,"RT @Kind_regards__: There is no ""but"". 
You're either pro occupation or you're anti occupation. 
Take Israel and Jews and Muslims and Pales‚Ä¶",0,2021-05-20 20:24:09
177,"Director of Communications @fahrettinaltun: ""Israel, sole responsible for war crimes in Al-Quds, West Bank and Gaza, must be stopped immediately.""

https://t.co/8frqN4Z6F8",0,2021-05-20 20:24:08
178,"RT @minarq132: Modus operandi de Hamas. (Al bocachancla que me ha dicho que me he dejado la tilde en Hamas, recordarle que no es una palabr‚Ä¶",0,2021-05-20 20:24:08
179,"RT @Sana_Jamal: ""Driven by arrogance and emboldened by impunity, Israel has mounted a relentless onslaught on the occupied and beleaguered‚Ä¶",0,2021-05-20 20:24:08
180,RT @Shambles151: Israel is wiping out entire Gazan families on purpose https://t.co/ytCPhWFJAy,0,2021-05-20 20:24:08
181,"RT @JuFoDIG: Heiko Maas: ‚ÄûDeutschland steht ohne Wenn und Aber zu unserer Freundschaft mit #Israel, das sich gegen den Raketenterror der #H‚Ä¶",0,2021-05-20 20:24:08
182,"RT @AJEnglish: LIVE: Israel and Hamas agree on a ceasefire.

Read more: https://t.co/hagOZm2mMW https://t.co/GXiJ8rdRJd",0,2021-05-20 20:24:08
183,"LO √öLTIMO: Israel y Ham√°s, movimiento islamista en el poder en la franja de Gaza, anunciaron que se aprob√≥ un acuerdo de cese al fuego para poner fin a once d√≠as de sangrientos enfrentamientos, que dej√≥ la muerte de m√°s de 240 personas, en su mayor√≠a palestinos. https://t.co/H0xaaV5PfZ",0,2021-05-20 20:24:08
184,"RT @alexbkane: üö® üö® üö® Following @AOC‚Äôs lead, Bernie Sanders will introduce a bill to block the sale of bombs to Israel. This is historic. An‚Ä¶",0,2021-05-20 20:24:08
185,RT @Avicenna_Razi: A Palestinian woman who lost her home during the bombing of the occupying terrorist Israel gave birth to her baby at sch‚Ä¶,0,2021-05-20 20:24:08
186,RT @BBCBreaking: Israel agrees ceasefire after 11-day conflict with Palestinian militants which killed 232 in Gaza and 12 in Israel https:/‚Ä¶,0,2021-05-20 20:24:08
187,RT @GoodPoliticGuy: BREAKING: Israel has reportedly agreed to a cease-fire. This will not bring back the dozens of children massacred by wa‚Ä¶,0,2021-05-20 20:24:08
188,RT @BBCBreaking: Israel agrees ceasefire after 11-day conflict with Palestinian militants which killed 232 in Gaza and 12 in Israel https:/‚Ä¶,0,2021-05-20 20:24:08
189,"RT @IslamEssa_Gaza: #GazaUnderAttackk üî•üáµüá∏üî• #Gaza
Heavy Israeli bombing on Gaza continues despite reports about Israel's announcement that i‚Ä¶",0,2021-05-20 20:24:08
190,RT @AlertaNews24: üáÆüá±üáµüá∏ | AHORA: Faltan 3 horas y 33 minutos para el inicio de la tregua entre Israel y Ham√°s.,0,2021-05-20 20:24:08
191,"Proibido Israel neste perfil

Sujeito a pauladas",0,2021-05-20 20:24:08
192,"RT @AP: Two of Gaza‚Äôs most prominent doctors, including the No. 2 in its coronavirus task force, were killed during Israeli barrages. Just‚Ä¶",0,2021-05-20 20:24:08
193,RT @MairavZ: Israeli evening news is reporting that residents of southern Israel are disappointed with the impending ceasefire. They want H‚Ä¶,0,2021-05-20 20:24:08
194,"RT @MastaniFarah: At least 75,000 Palestinians displaced due to Israeli attacks on Gaza,says UN

Israel is like Evil root continue to bear‚Ä¶",0,2021-05-20 20:24:08
195,Breaking news: Israel and Hamas have agreed a ceasefire after 11 days of fighting https://t.co/isdFDfM4ZQ https://t.co/qBnQuDdWrL,0,2021-05-20 20:24:08
196,"RT @KhuloodBadawi: A heartbreaking story of a day in the life of a #child in #Gaza. Listen to her, watch and listen to 10 year old Nadine!‚Ä¶",0,2021-05-20 20:24:08
197,"RT @Pantouflex_fr: Les droitards soutenant Isra√´l sont complice de crime contre l'humanit√©
Dans un aveuglement total , incapable de voir qu‚Ä¶",0,2021-05-20 20:24:08
198,"RT @Mobeen44138867: Atleast 75,000 Palestinians displaced due to israel attack on gaza : Un https://t.co/rHYBpc5Ysn",0,2021-05-20 20:24:07
199,"RT @IzzyOdeb: Neighbour: Israel will you eat rice?

Me: *looks at my mom

My Mom: https://t.co/OlP0z8VJC8",0,2021-05-20 20:24:07
